client_identifier,email,country,bitcoin_address,credit_card_type
1,feusden0@ameblo.jp,France,1wjtPamAZeGhRnZfhBAHHHjNvnHefd2V2,visa-electron
2,plepine1@biglobe.ne.jp,France,1Js9BA1rV31hJFmN25rh8HWfrrYLXAyw9T,jcb
3,jsandes2@reuters.com,France,1CoG9ciLQVQCnia5oXfXPSag4DQ4iYeSpd,diners-club-enroute
4,ndolphin3@cbslocal.com,France,1GNvinVKGzPBVNZScNA2jKnDSBs4R7Y3rY,switch
5,gfarre4@economist.com,France,1DHTzZ7ypu3EzWtLBFiWoRo9svd1STMyrg,jcb
6,kbroodes5@amazon.de,France,1LWktvit3XBCJNrsji7rWj2qEa5XAmyJiC,jcb
9,kboshard8@ihg.com,France,1QKy8RoeWR48nrwknBDZKfmetv1SGoAHX4,diners-club-carte-blanche
10,fkreutzer9@businessweek.com,France,1NRDQBCtuDqm8QomrbSUyh2tGDRqoj3DU8,diners-club-carte-blanche
11,cclaidena@vimeo.com,France,1HcqQ5Ys77sJm3ZJvxEAPLjCzB8LXVBTHU,visa
12,kcrippinb@google.pl,France,1EncEr6Vd5ywk96une6ZuWZN1yn3gBGZX9,jcb
13,mjointc@state.tx.us,France,14bMXV3h1S6KxGHdeNB9Bz4mmzCZJdRvk5,jcb
14,vmccloughend@gov.uk,France,1Gi1ZJsBDqCztVjtcKsbH54Q3jCEDJh37N,bankcard
20,cmartinettoj@mapy.cz,France,14iPptCE59bQXGoczEsSkk4ejTyaKq9mxt,jcb
21,agheeraertk@chicagotribune.com,France,15dT53UJarnbFpD2XjGvb5EBYsN7ThESDK,instapayment
23,mconsidinem@smugmug.com,France,1EqieFUhQsdpxSbCtVbgaKnryww8nZyn1y,jcb
24,dkosn@t.co,France,12FtLW76aG8arUUPmqSjX2AR9KsXdHmxfF,maestro
25,aroysteo@marriott.com,France,1HQEjYQRwW3LBRZfCzLWhbg8Y11RREzspx,jcb
26,jvanzonp@nhs.uk,France,1LZCs92TeHXN9KCBKPXFgz6vFwBDpqU3nS,jcb
28,rsmullinr@canalblog.com,France,1KByDrLkwz3vr8tZbgCsy6vYQvYo977bsR,instapayment
37,gdiamant10@nhs.uk,France,16e3PCTV1StNkHvBvKddM6Sx46s5BG29RH,americanexpress
38,basken11@wp.com,France,1BBVKkSVixZ3Qk8BmkMBo76VZrdHaUgqFz,china-unionpay
43,afarmery16@sakura.ne.jp,France,15gDJcE839Fjubd4NY6PdqVfKLScwyqXVV,maestro
45,rhemms18@sina.com.cn,France,1JcPibbPfN9uPbriqKteUca4qEc6icSA9L,americanexpress
46,wobington19@miitbeian.gov.cn,France,15faE4i3jxJdERzYswERBJYxQtWgrQS4bf,visa-electron
47,agrigolashvill1a@altervista.org,France,1Bk26HNvrbjFyzmWdckfbURCdSvEsBT8jU,diners-club-us-ca
48,hpaulitschke1b@ihg.com,France,13JGssiu396LQGoEJf6MrDjaTQvJ2dBURb,diners-club-carte-blanche
49,mblindermann1c@time.com,France,1NN5q367ddd3ZkomurCp41YWX7TWao8RUP,switch
50,fpie1d@walmart.com,France,1JwpLkFW2wQWQU8FeRf6TnhFPDxSaZzkHR,bankcard
51,kblondell1e@printfriendly.com,France,1PMKXCoy4v1tRP4coq6uiHttGJ9TM6pTYe,jcb
52,eivain1f@soundcloud.com,France,1FCnxSa2vvLCd59aLaphYsQ2WXd6tTEc42,mastercard
54,cskule1h@samsung.com,France,18vi9HWivvTe8ZoFaWHrU8dz7pv8nhtUzS,instapayment
55,amorshead1i@so-net.ne.jp,France,16mmkiB6nqPZPeR8btFsRHQdQTNVCaVHr4,solo
56,btrees1j@mayoclinic.com,France,1DkGPKNDSuqTu2wrMTfeawZcALrL1C88zP,jcb
57,mhackney1k@telegraph.co.uk,France,1JJoPvgHNChccgpdTng2X31iR7uoTZmF3p,jcb
60,ktipens1n@auda.org.au,France,14gUwW6RXwX9x5jP8hrjH25zWn9DGTSA8K,americanexpress
63,nmassey1q@xinhuanet.com,France,1FQHZfAhYgvnnRYu5ormXC3Z3k7WxBLjcN,diners-club-enroute
64,ncusworth1r@ebay.com,France,1J4FXCgyAvC1Kgp4em8X9kiVd8YNCLXTRc,jcb
65,dbeecker1s@tinypic.com,France,1NnvQYgPt7fSDVhHEZfFDpZfHrKqwSseQq,maestro
66,smanuele1t@ucsd.edu,France,14H1ES3YigazBLuqxb3vJVFGd7Fs4fRHN5,diners-club-us-ca
68,ncamel1v@devhub.com,France,1DJcRkQjHhTgScXGpSBJX1fhrctGYcYWbW,bankcard
69,blevay1w@msu.edu,France,1HZDKZuBW7kcRtFzEfTyTPDPUeYkj4cbf4,jcb
74,iayshford21@cpanel.net,France,1BGhWNi6uUCaMDMcKeHBsrW6iy7Fbi81VL,solo
76,rguyonneau23@biglobe.ne.jp,France,1MqYXPCZgNsc7TE2UJYfDxfd3C7SrdQhMu,maestro
79,dsteinson26@xrea.com,France,1NZ6a9rxCvdcHsSnJd8avCvawrkfR6E3wb,mastercard
80,clummis27@ucla.edu,France,1EaWFum7uizRuFj9We7nCzs51UAuHwsPEA,jcb
81,qbeaumont28@ft.com,France,1MfERBjXL5UxUTgNwiEfM1DR1TMpKYEwFa,diners-club-carte-blanche
82,nblumire29@cargocollective.com,France,19xxqGZhCdhZw5a87BByhFeyN5V1cU98o8,diners-club-international
83,itippett2a@desdev.cn,France,194n2Gy6DWiWB3iTMFHe1zNLsdrXPzzeSh,jcb
85,jhazeldene2c@sphinn.com,France,1BvQrhjPaRkqkWT8ExBVN6b2VcbLoJU5mJ,switch
89,rtommasi2g@google.ru,France,1G4MPdfYqRoBKBuLx5RYC3HPkLgRQhiEKJ,diners-club-carte-blanche
92,tterron2j@mail.ru,France,1CHBfFCMxCfJYav13dzdVAWW8eP6cdFd2w,jcb
93,wemmanueli2k@ask.com,France,1CU8hvaK2qe9oJBtdnjgJmR1j5vA4ATxGw,jcb
95,gyouens2m@360.cn,France,16dLtrut4evp6GkGbZV3nqwzsGYiBcPiBZ,diners-club-enroute
96,jerbain2n@bbc.co.uk,France,1Pm8wDxHWUnzmxm3DEhSWST5WPhP77M9m8,jcb
97,aruggles2o@people.com.cn,France,1HfdsmQb3chN8e9BCABLZFfuMzHVvvqra9,visa-electron
98,elaybourn2p@github.com,France,1FeW6Nn2tRcLNZZdJ23KvXadEKyCUFryWt,maestro
101,ebohlje2s@jigsy.com,France,14UXTJPPjjxZ8JFAeVtHpTVWVLfpMVAQ6B,americanexpress
102,gbowcher2t@mail.ru,France,1PvMkvK2LKiuW2s5Jkch6DUQUnJq2gWWQX,jcb
104,hostler2v@aboutads.info,France,1NtYD2e7T4nnMGQKjwS2RBshnTJNQxsAs3,visa-electron
107,ccraine2y@ca.gov,France,1FcyvqMh2KcS71YftVH3vJeGpNsMzkwt62,visa-electron
111,mbentame32@zdnet.com,France,17WadgEjUWp2FfjY8n9E3LAVYH8Qitu3Ha,jcb
112,ajaeggi33@imdb.com,France,18xon7gpGtZHkxKngGjnHEAWJaptQXphco,mastercard
115,gbrawson36@nationalgeographic.com,France,1NL1zmAiqQTX5vY1UZ5u4w7XJ2hbHVatdq,diners-club-us-ca
116,bisham37@taobao.com,France,195WYoD6Gdcic87GS2mgtX1J53n8SiXvCK,jcb
120,liorizzo3b@indiatimes.com,France,1FGBr7TGN3xEcHYWcExYzXpqFbtuieXAoh,jcb
122,lwillan3d@bandcamp.com,France,1EGjs7u3AyJqXKXV1aWwS64WrGVD8f2UdB,instapayment
127,lpeare3i@nature.com,France,1BqbTFbERsvbgnVxS8Uc3n7Eby4ZE8WPey,mastercard
131,kenrigo3m@comcast.net,France,14jCzHf2Cc4TN6yuo58Zp3pYnpZzuLXrw4,jcb
134,jbeinke3p@youku.com,France,1PVkVkL2PBuiRrPMWjBqWq2vL5PdaWuDwX,americanexpress
135,vjankowski3q@wp.com,France,1MBn9t3VTKGEb1QqgfihPmP1V2oRdSTdfZ,jcb
136,bdabels3r@feedburner.com,France,1ArRjGy3s2J54WRFKu8bbPyh6HcTonnWpL,china-unionpay
140,apalle3v@tripadvisor.com,France,1GYuMekkLXWmx1D6n3uiw6cPM82yuEqSkE,jcb
141,jconahy3w@fastcompany.com,France,13bRpXXGH63ZwMPeT9WxywRnGx4E6mgecV,jcb
142,gnetti3x@cmu.edu,France,13c2w1omhiwR3sFZmX5oNuJQ2LrAhXDoYj,diners-club-carte-blanche
144,abaldwin3z@gizmodo.com,France,1MCLotznAUxXfrnErvHKvvDAdf8zHNdy32,jcb
146,vbeange41@mysql.com,France,1KhiztS1TitMACFY8z5fSGyRkeqTraUefv,jcb
148,cpull43@cam.ac.uk,France,15i4CqJPiHJQ3sqLx8NLdZ6fgf8jsF2a9s,jcb
149,efick44@tumblr.com,France,1CXeVdukm8jrsQvP2JEike2vzZv6ZBn87Q,switch
151,kpitford46@rakuten.co.jp,France,17ocf7WWs8t4SkDojm8iMzQXsRSNDktJiB,switch
152,shourigan47@geocities.com,France,1Mr3iR2vr6QunToBxXkEsfEo8Mpnwy73vz,jcb
155,dmacfaell4a@washington.edu,France,124bbjEMLiPk2exfkohsD3MEhcLv3zBNYa,visa
156,kellington4b@vimeo.com,France,1FFFiPgmSA8P9VGH4utNN8JSHxHU9UfCwB,jcb
160,pdunlea4f@wiley.com,France,1AT3QJwkTpD933maAjtXuJvnLFZGFELQhE,jcb
163,dblackshaw4i@livejournal.com,France,1HezMrMEaBbjCWV9XBiH2JJqg4xCbMTwmh,maestro
164,hpetrolli4j@comsenz.com,France,1NyEMnfT5MnJKHCuEuotcTFpj5575CwLUR,americanexpress
166,bstronough4l@howstuffworks.com,France,1NXjmmfaJo9gTAY8UJG74Sktt1giH8Q9n5,switch
168,vchrismas4n@free.fr,France,1GCFUAekWMpXhxJymkHCErBcHVSEPybPc2,maestro
169,kcotman4o@weibo.com,France,1N5kDn9gQoYQgecrKUVQrJMFRSadZjhf9x,diners-club-carte-blanche
170,gboni4p@technorati.com,France,1Bs4ypdN9onQTKTm5kfmDr74ooEfsVMi3c,maestro
171,lmugg4q@mac.com,France,15WQWCYLuwa2Zukkra8qyQxNd8BLgY9Rmc,americanexpress
172,dyewdall4r@amazon.co.uk,France,13FJ74PRU2vPkLfM5uQUaxCYEmqPmDf6St,jcb
173,chobell4s@bravesites.com,France,153KnGnhovzVeAk3BUfaJsQXggCbX1NQdy,switch
174,csalliss4t@vinaora.com,France,15B8xZXq95PpXcw6i6EXfxsxmEov6usgp4,china-unionpay
175,mdamrel4u@gravatar.com,France,19p8SGS8jt3vrH3KUSyYy15FdKeJStyVXC,switch
176,hmelmar4v@nyu.edu,France,1Ni2EpkWvzKcRKCCC32K1RQHkaNP1BUrzP,switch
178,larnaudet4x@businessinsider.com,France,18rb9oibQjXFUTcUd1y9BnyL6nbix6vrCn,diners-club-international
181,xklemz50@ebay.co.uk,France,145xey6tTkzco3hCzv1oEhHH7qgKanaJas,jcb
182,hmoulding51@opera.com,France,1bB5Py71mhhzRR3ZGyRPDYGgjp37uwxZ3,jcb
184,svanderweedenburg53@angelfire.com,France,1GR2Kpib9ejK3aNewhK6f6Rg4hyAzPh29s,jcb
185,lshah54@addtoany.com,France,1D47SM9hMGrV4unQyBCBbRsKeyN8bSNwMQ,jcb
186,aivanisov55@ustream.tv,France,19c8Kd7Hw3p2WFyfZn1VQKJS28gtsu4MaC,jcb
188,gocassidy57@multiply.com,France,1cBXQeSnrcCmywZf7RG6jogqWrMZjMhAW,jcb
190,gruttgers59@sogou.com,France,1P5SWDVgaPUV9CZe6KW8LFwpPcTEsWTdFt,mastercard
191,fbescoby5a@wikia.com,France,157xLaDdkV7Nd5FTHCGNYLBfy9Ei75PPae,china-unionpay
193,plettley5c@pcworld.com,France,14mZuiWezPwYR85fYD9MRHYKEgNuZwTrcp,jcb
195,jivakin5e@cdbaby.com,France,1Hr5BLhSH1EpWA52QnESE1RadGfvej6W7Z,jcb
200,jciobutaro5j@blogspot.com,France,1CwHR4KqJRyHREsqKRVCeFABrp6rmJqTEj,jcb
202,gjaquiss5l@amazon.co.uk,France,1LfrgqGLAjX5DBKqJYTBW4Xa3QwP1gRQP2,switch
203,ygidman5m@mashable.com,France,12CPrDp5CdpAa19YvjN5ZvTicp4xV67G4o,jcb
204,jgoves5n@state.tx.us,France,1H8NYsiBZvNKtuXjGJxSBWJDkkYaNYv3VQ,bankcard
205,pwethered5o@naver.com,France,1N3vpjXV7cxaPZV4Pw6SbdTC1kMymURehs,jcb
206,kmarcinkus5p@wikipedia.org,France,1GmhCwp29wFg1mDu9Hoizd7YNNWDVfnUg4,switch
207,vayrton5q@nasa.gov,France,16AHqGfRx8y3R8dURNJopDHqV8eaDrmXJM,instapayment
208,pfilinkov5r@techcrunch.com,France,1FN4saPCSUd6uqwcasppGv6PmVeQMKUav6,jcb
209,athurlbeck5s@cloudflare.com,France,1L9ULvtcJm4kdGcL1SqQU9H2JXS6Aq34r9,jcb
210,klangton5t@youtu.be,France,186CvKEZCp8DuUhvXZigfDpJkoFgUsfPpA,diners-club-enroute
211,lhavick5u@cocolog-nifty.com,France,1CdwCvBu8icEQnTaLP3314mcEsJB7heJNQ,jcb
213,amartinon5w@slate.com,France,1LV77cQNAdCEnBEsAsGFJFNmoqXybEepVY,americanexpress
221,jmairs64@deliciousdays.com,France,13Y51ewMyALswNqeXCAFK3EA3QYGGCsqyw,jcb
222,npetrazzi65@weebly.com,France,1EQSwLm1wAnNFYFiCwtTHmM3nGX22neJ9Z,maestro
225,psturzaker68@un.org,France,18eQJ1EZYA1DgSqLhxpgx2RoUcvADeabt9,jcb
228,lbarling6b@weibo.com,France,13fra8hY49MsJ3irFLsPHxPUe9PJn3epmq,china-unionpay
232,agoulder6f@dropbox.com,France,19tysa36qZLF8nSgxdejWQyNGtnktumX4a,jcb
235,rvonhindenburg6i@eepurl.com,France,1GzpFV7jYVr2YEgPrSH1AMU3SBuqVEj9BS,diners-club-enroute
236,aballchin6j@canalblog.com,France,1H3HSsLBpMC6NtAofmCEGzxtzF1MkRAPNJ,mastercard
237,icaccavella6k@noaa.gov,France,1AwREAB71P65RxtPnVUZZL2v15Tu4bMiUg,jcb
241,msanton6o@posterous.com,France,1Et7Huugu3eePsjEF6tDXqDZBnNuSuwpyW,mastercard
243,mhowey6q@mapy.cz,France,14iUvpybfSGj53rXBgtihMZabepoqB2uCF,maestro
245,eschonfelder6s@ifeng.com,France,18FQxAJP5zeo9gqq3CGnFSnxZrRuKghHZb,jcb
246,lcornehl6t@wikia.com,France,1CuekofuqEMAW7SFtTTci2zevTy2tEzA7h,jcb
247,gtrowsdale6u@histats.com,France,15c5nD3ntu3pNEkACGKFjZCaHq6duiTeCU,switch
252,areeder6z@discovery.com,France,1M4KAFyMJGr9Tw8VY5F8EkWVordUBbsyFb,jcb
254,cvenart71@springer.com,France,1P95SEHrkaPBLAcA546nh32AYWkXoB7UsY,diners-club-enroute
256,lsaul73@ox.ac.uk,France,1Hqp8WPgrtpDDCpYcHhqptjUbgcueww51J,jcb
257,ksilverman74@blinklist.com,France,17BXzGfFEgyxqfKgToLeKtsmJVF2YWd1XU,jcb
258,tswindin75@patch.com,France,13aoHZJXMCv5q5vNG9Ebwuk1Hk6TiJHfdX,jcb
262,cgounard79@storify.com,France,1KAeP1dcXv8R9jtSDFqRNxQcZysk5YSrhD,visa-electron
263,garblaster7a@tripod.com,France,194Y262AsEnvTfm8edyzTVskYKKc5QPEgv,visa
266,cmilbourn7d@hostgator.com,France,16g28yLDNEPrFueJ3U1TWnBrC8jiYqdyz4,jcb
268,ageistmann7f@godaddy.com,France,13ZHXuakakxSAH3RetEVcvuR6oHqFL8Jft,diners-club-carte-blanche
269,nmunroe7g@samsung.com,France,1KWimXK82YVAeF4fBzrpa5Vm6hj2Xfnc5f,solo
270,slicquorish7h@bloomberg.com,France,16jzQnpHCyrUPHYw5ipEYQyszLtmYwUafp,diners-club-enroute
272,gmurdoch7j@yellowbook.com,France,15mziUAQKMjfmkENf7RTDBYmwwq5JqsDbN,jcb
273,graunds7k@wufoo.com,France,14uCQdJU8Bro2wLvz9SHdQMsL66gbZsUR7,visa
274,jwasylkiewicz7l@cmu.edu,France,1HBC2FaZj6uURbYmgP1ZSnxEQBfqMK5ZoU,jcb
275,awetton7m@jugem.jp,France,1ChtA8n82vNqQucA44PqZHzVwjxL6hD48p,jcb
276,aballham7n@storify.com,France,1MwMmq3rs9bkY8U6tV2dAo2VXUWj7bBgma,mastercard
277,jrabbatts7o@springer.com,France,13hHMbUYJHYZAvXSsF9tgMAQsn6wm7io2d,diners-club-carte-blanche
278,lbrannan7p@europa.eu,France,1L7ACa5TaTphyiyvTWbbdkADGPCieYUkrK,instapayment
279,tgreenhead7q@forbes.com,France,1LckxTcYAFbt6iftz7jRPBvDQvRkgiambY,diners-club-international
282,tkeeler7t@imageshack.us,France,12B6zy8LF2epqYCuosqdua7ojJ79FSFGdK,maestro
283,jsheffield7u@java.com,France,1GtChNuQdqvZAVmjdCvZC3iB2ajk54StSP,switch
284,mbligh7v@histats.com,France,1PpMmH1GDTMniLhUmdchaTPUMTc4WyhTg,jcb
286,blandsborough7x@artisteer.com,France,13snYmCaNaBEjdNmJKerjyEgaVwkZMThZY,diners-club-enroute
287,cblackaller7y@oracle.com,France,1FPTbb6v7ETCM3UZWxxiTCMMfrtgsXo64F,visa-electron
289,dknobell80@comsenz.com,France,13TDxVRh5Yk52AzSHfuqTQbX1eNQqNf6kW,jcb
290,cstelfax81@dyndns.org,France,19sjCaWp7ScgbckiifwqYCsbagJJJNGZ6D,maestro
291,dleyfield82@uol.com.br,France,1J5cLfZfSGu4hauzPoJyxDyBTnmttiU7Mv,jcb
292,nfoister83@auda.org.au,France,14RR6isne5YGAT7rXnYoVnDmqFsr1qN9En,mastercard
300,kangove8b@rediff.com,France,1BGB1ncXeH8W9aS2B71gvew8mcxgmeDZf,jcb
301,dmcwilliams8c@symantec.com,France,1GKz8BapdTkRXpfTMEp6GNQx5LnN8UiB87,bankcard
303,lwetter8e@tmall.com,France,165mGLNU7SYRWM5sQnf6PBHFAD67Q5QhGb,mastercard
307,klivingstone8i@spiegel.de,France,15HkWX51tCYcUMESCztCQdYQpwE1SyB7SG,jcb
309,ywerrett8k@bizjournals.com,France,15y4NZnsEmoqgd1TzoWseT7EEfANMF67xm,china-unionpay
310,pmcgilvra8l@google.pl,France,15YarQFUn4ekmXE5nw36e1xur6myT9KH5f,jcb
314,kshedd8p@blogtalkradio.com,France,17Vd5jca82tmBKkWEj6LSkaedKXJ7hEfR7,jcb
315,jjenking8q@instagram.com,France,1FD3LL4h5ffxBNwHxznHmn3Yj8BaPxBRFL,china-unionpay
316,mivermee8r@printfriendly.com,France,13rF1bY9t9xws6mwd3RhZ3Nt9ij26SSyZW,jcb
318,rsannes8t@tumblr.com,France,1349ZpWGhugJkUBZrgDvNYA8chKpWna6Pv,maestro
319,lhaxby8u@europa.eu,France,1GVTUnpuiWtciq7pkpY3Nq6AG2fcxoatS7,visa-electron
320,hmcfade8v@addtoany.com,France,19RXhPG2Hc8Ujo8AxbkLvMHkMfz2W8ZTQt,jcb
321,lgovini8w@theguardian.com,France,1Pd7yqsh5GQFAQ7iGMCB6zSUVKCc9pi8ec,switch
327,mwilber92@samsung.com,France,1PbHBaKrbjx1SWQEF5t7pYTsbQcNearXoX,maestro
331,bguyet96@tinypic.com,France,1FBU7wBWsE6JEUpQ4hkSFgGqw9kWTs5iay,mastercard
333,aneedham98@unesco.org,France,14Dh2tDjdseUVXmpXWh2NLS8pBY3dN2scY,china-unionpay
335,dmillen9a@4shared.com,France,13FMGVNTSrfCejS7axjahJLJ77GzUMq4mh,solo
336,jwinnett9b@narod.ru,France,17GuAswyiDFv2mCb1b5UP8fjtkPJzFUUi9,diners-club-carte-blanche
337,tmckinie9c@edublogs.org,France,12PN3DrSwhMdpsmFfeuXtDbSD9Zh4rZTxS,jcb
339,arosenblum9e@blogspot.com,France,1LMsEntv9o93geoFHspTNRwcPpftZgJHKW,diners-club-carte-blanche
343,jnorley9i@ning.com,France,1Pn2FyJyvkVi2zx8hsDWSBjEWQhUfvryvG,jcb
344,dpickaver9j@jiathis.com,France,16YNj3Ju1hb1L9ZheYiT72NkvaGoGgXLQn,switch
347,kpeacop9m@sbwire.com,France,16e9nooo8LuQg1WM7cnvozv3yZ61SuxR89,visa-electron
350,kbakey9p@cargocollective.com,France,1GdNU2SUFHyM9LpyKFt5PrewQvb6UiWJyk,switch
351,fthrussell9q@prlog.org,France,16YT5yNmwdgYob4QvQc1ncendC8iZ59uw7,jcb
352,jgoolden9r@sourceforge.net,France,14UZ89fouyet4QK4s6j7CWJ6YsU7QA3fC9,bankcard
356,celstob9v@ehow.com,France,1GFZcQMy5ScyjMB8jZVpdtJcrR2KGLDeo7,jcb
357,cmalser9w@businessinsider.com,France,1K3HNnjujV2R3nc5r81824Dsbf3CVzNRx5,jcb
358,jivie9x@google.com.br,France,1FwtfKYxYaneECkD5BaQnyQKtc64qTiSGW,jcb
359,cakehurst9y@example.com,France,13Xmjbi7tiQx744Vb4F15MpQ9WsYSLkwME,jcb
361,hjaya0@icq.com,France,1AAxNDSHKFJsXzAhAPxhc41ttuvqxAfQmS,mastercard
362,mkettridgea1@npr.org,France,1KLZLE7QBBiwyV4pfQjf4uex7mD32g8PLf,americanexpress
363,uglandona2@typepad.com,France,12itRRT2UvwKkZQt4BWNqrRVJ9MyEnyYzY,switch
364,hwoodruffa3@1und1.de,France,13xqvAY3sepCSFncpPWLf8DLkuPWHutTGb,diners-club-enroute
366,wlidella5@harvard.edu,France,16jLSZd1n5MFQLoYV2Yo67sVi3ZmLM9Czs,jcb
368,cbragaa7@thetimes.co.uk,France,19FT4M3CK7zrNApNMa6aatFrvF8cjMXZ2q,jcb
370,etrinbeya9@homestead.com,France,1C7zcZvYBUuqP2GoP41SCG14d9wYKokNLf,bankcard
371,mburdonaa@infoseek.co.jp,France,17jF2xumWv1Uuciy96QKzuCEpoXDqCrczD,switch
372,bglennardab@amazon.com,France,17nmbu4ETgtcZfkw8gEpcJAesBjzprcSzR,laser
374,lteazead@house.gov,France,1AAFVEaSdDtDCHDxLc2CMsjQQzVrSZBfK2,jcb
375,nnavarreae@weibo.com,France,1Dt9WkpAxMU3FNLKxfdm4oyckSgoyaRmph,jcb
376,hbernardezaf@purevolume.com,France,1KLkcdF4NVCovY2sB4TBwutHMPNsMBLVUF,jcb
378,rmonseyah@cbslocal.com,France,113c2GCsYdpBRRM22VNXgWHqsHHFEjRqt3,laser
384,gkneeshawan@army.mil,France,162Er9YsS17XMawnx1qeYDjeT9krKzDHVJ,americanexpress
385,mleavryao@nsw.gov.au,France,1HGACucoijr83YcLmo1Zuba4zUo8MgzXDs,mastercard
388,llarwayar@xrea.com,France,1CTjE1mRKJv4ec38vSbAQ7SXQktK5377qt,switch
389,jchaceas@google.pl,France,1HVyvrgpgcp89pjqHPWjeamaKEJ34XGKGk,visa-electron
391,chawkau@icq.com,France,19hkw931gbWmEaKD4TQWmHdxDDsmNX7mCo,jcb
394,wbignellax@cpanel.net,France,1PLc9Kpx7WfLTrmnBz6myHEF4JKMHRuSJB,jcb
397,asebleyb0@blogtalkradio.com,France,1FEJkLE6ARAJw2f3TTQMw1PoSR2BHp2N9q,maestro
398,dlarrieb1@flickr.com,France,1Mo4WCa8K4zJnzjNuYuMWAmDJnDH85bimw,jcb
399,rprembleb2@toplist.cz,France,1FfHuWbX1MLd52rWcY4ydosoXxPTuEL4x8,mastercard
400,cromeob3@biblegateway.com,France,155yttx4n3AP7FRcrfRp8A2iAJZPmn1XKh,jcb
401,hharfordb4@dailymotion.com,France,1Jkk9XtQrubLEige8r19YMHSkqqH7hYodM,diners-club-enroute
407,pdugaldba@prnewswire.com,France,1MisSxHw9kxdstqhBiDfcTuKH87B1Mk7wc,jcb
409,gbrumbybc@yolasite.com,France,19KsxNnAmX1tkwTaCXgX5qQL1QQhNFFQoo,visa-electron
410,ecollyearbd@typepad.com,France,1CR4hiFtPSKdExufAozXHBzoFqjDpnFSdi,jcb
412,lrushfordbf@nytimes.com,France,16nzDMU3wczaWKLpoFqepMT2a1BHtVtLBB,americanexpress
415,strittonbi@livejournal.com,France,15r3ri6ZLp9TiZfMyWaiWyPJq6eu8He6cM,jcb
416,karchbj@so-net.ne.jp,France,125SSMbJZdM8xT1tDkQBAzowhMZQ7etZsW,jcb
418,barnleybl@blogspot.com,France,1FmWPASp41msUQq22fPMJRcAqbjJkbiD9d,mastercard
420,gleilbn@cnn.com,France,1DX4rz6okUoQ3a2e8iuAr7CJhAGMkZEiqF,jcb
421,bmaxweellbo@uiuc.edu,France,1CbYveweCi5UJeZUwTk5pnpL8XUeR6HQft,visa-electron
422,amccliffertybp@histats.com,France,1Nx3d81y7pWcHcBowTNoPKDRC7btBSax4c,jcb
423,ldownsbq@ftc.gov,France,1QCs1FHDjsKSGzAfQ1ydB56VcFo81ntdnf,china-unionpay
426,iiannebt@etsy.com,France,1NdeLrvcQrkXDeRh5ET9LxHaug5DQr55oj,maestro
427,bmordonbu@telegraph.co.uk,France,1yS6MyNqb5qJrVzuYpdyy5KTXcuNP2Bmr,mastercard
429,cmcpaikbw@wikispaces.com,France,16KyyvuedLiDznKyRYrFG63L1RvUQT36ZL,diners-club-carte-blanche
434,jeltc1@seattletimes.com,France,1Ne3wk6XGTVZv4HGcRyae9vd5wMPuGqFd3,jcb
440,dnorcliffec7@arizona.edu,France,1EjXb7yXkPeUPkQp3RcWHzTQntxQGabPWa,visa
441,hrivettc8@e-recht24.de,France,1JSRwYnRijDWaLuWU3YvvBfc2y6GyK3VEo,jcb
443,bboughtonca@discovery.com,France,1AYdyiCWjX57C9MSjgb68DpZ81iALKM1Kj,diners-club-enroute
448,ielsomcf@patch.com,France,13o9y3CSfRa9SsufD14S1yudfeZ96gDPCp,jcb
449,bkenratcg@google.es,France,1MJJjgwRx3yFzWD9cfJAE6ga7HShGN3gUy,jcb
452,nrayburncj@who.int,France,1FeijF2pdF18oS9HRhQVbHZXB9h6Zg3X9C,jcb
453,psinkingsck@hexun.com,France,1BHozuEVBXMJTiWPuMMYjJbtQthmRYR1Ng,maestro
454,srozeacl@ft.com,France,1LaghQQxcfdSK1j6rYxhND8vAQryWqfYnH,switch
455,dweinhamcm@nbcnews.com,France,16WTGhfwStR7c7uYi9aSbSTTE5PTBnU2Bj,diners-club-us-ca
456,stitecn@newyorker.com,France,16sWxTKv6eyxjCJd4tGhV85rTBS2KPBQo2,jcb
457,dchaundyco@wordpress.org,France,15WDprvnJdq9NyxCkq2fpyXitbZ4eN9LQ9,jcb
459,avedenisovcq@homestead.com,France,1LPkNCX2QXaC695FpjPZDfvFUeu8unJzJJ,mastercard
460,revettcr@bizjournals.com,France,14EVQwpD4wvhoccrg1eB9wkALXoLZzPHy6,jcb
463,siaduccellicu@nifty.com,France,1KScXuCwX2CN9RZYaF2XfajtK3LfAXPMZX,jcb
464,bmullancv@blogger.com,France,1DmJ3s3kQMXDPkCBjzDVNXc8N9DoUuGvhn,jcb
465,mglewcw@harvard.edu,France,1P6FSMX5tHtjjrpup8Mzox43eMyeBSHBub,bankcard
466,jkingsnorthcx@xrea.com,France,1JZKXzfwXM2XGXhJ8BiMetc69cawUQZ4Uk,diners-club-us-ca
468,mcoochcz@berkeley.edu,France,16DYxkURoujy86zMA2QNxifhQHzoouqdNw,maestro
471,ngoodied2@ted.com,France,1ER4afAybP4QnNKBdmowqXMQT7PDbWT9e8,jcb
472,gblissittd3@oracle.com,France,1HYLUniGTh4ainTw8T1VoT9QnxHq2jmejv,diners-club-carte-blanche
473,csutlieffd4@dmoz.org,France,1B3KgaJHWZux2GpwWHkkAzNmHnphru2Sy9,china-unionpay
474,rcrilleyd5@ehow.com,France,1NCXqhoWBYEZdQNJfJXYxMwf4ycohkgRR3,diners-club-us-ca
475,ellopd6@miibeian.gov.cn,France,1Duj6USKpTNtgbfxPaSLGd6GXek8hVbeNf,visa-electron
476,mstrewthersd7@boston.com,France,1ySiKM1KYDANnG77CcDqKN8CND3Vxi6Vt,visa-electron
477,kelstond8@earthlink.net,France,14T3iqux2z4GGyD6RAKzmGXzB4b4M16YvV,jcb
480,kmarinerdb@craigslist.org,France,1BuFXTKsP2yCERJaKXmPBTJLGcjj3Lr6Xe,jcb
481,rrizzettidc@nature.com,France,1BgRseRo1zVhnC4e6qg6bAXDRvw7K7rsGX,solo
484,scrangdf@hao123.com,France,1L2sgtrs9hJ9TrG9iwrZ5uco4cobLdpsfu,diners-club-carte-blanche
485,cfrantzendg@1688.com,France,19cnTvzEuGVGnZ8EdR1do2UoRx1va3vroX,jcb
490,lthorndl@mtv.com,France,1KdPjZGEnUwZBk9YfhE1VbYV65X2UPpaoH,jcb
495,hburgwyndq@reddit.com,France,13w8rfvivN1Pb9NXjqMbDAZfcSzfHTefRA,jcb
496,isherandr@msu.edu,France,1Mg4dm3TGYNh5bjDzajHdeeSTGqysZJDTM,jcb
498,mwolseydt@bloomberg.com,France,1PBFZ2X2wvAP9BnfpVeC9DT9SBK88bT8He,jcb
499,jrowneydu@uol.com.br,France,14X3kTpmYak2qbDwvK7JuzqPq723s4NaMd,jcb
500,bbeakedv@facebook.com,France,1F4iy9d2Bc7nte2T2Tud3pmyjZHFkZ5xjY,maestro
503,lmenichidy@hexun.com,France,1BU48zSPChkaivftxv9WyQc8s4REkShJcz,jcb
505,gknollere0@intel.com,France,1FFg7EQ7u2zuauizSKc5sBLn23Nnnt5CWw,maestro
507,kaberkirdere2@over-blog.com,France,18jammQn9XpXqMKrbKWrLtdwixsRGvJPNS,jcb
516,pbroomhalleb@google.co.jp,France,1MPh6cmdX8aZyfCG2Hf3PChW8XPRrdAePs,visa-electron
517,wrohlfsec@behance.net,France,1B1nrVveg5H7QCSnyAKDmwApJYAt9P5USS,diners-club-carte-blanche
518,mgrinsteaded@istockphoto.com,France,138eovQHHM7qAL9pFvt4b2Qf6WmDDPLNvU,solo
519,rarkilee@dagondesign.com,France,1P8Rz7AVZvuHb3ySCDcLKKdq9jfZzoCGuM,visa
520,emardollef@businessinsider.com,France,1N3u2FJx3JQhwDcN28yGCMfwfziBGy2oV2,laser
521,hdumphreyseg@ucoz.ru,France,1BCB5QFbcPu2avL3VLdoZcVao4nzk3CX8t,jcb
522,ccaesmaneh@yolasite.com,France,15kcxcxkCVygHRjcaxjMrQ1xfzykYUQ3vg,jcb
524,crihaej@wikispaces.com,France,18f1AsbDadSh3to5T6Jdpje3bPNoU4w33j,jcb
526,mtyrerel@merriam-webster.com,France,15fwBJvTHhnc4Zss1GWESx5jUDM1eGjEPC,jcb
527,ohorleyem@sina.com.cn,France,1ARu46u6p33GM9rZ7yRFqoY7FYNszRSDon,jcb
531,kgatmaneq@acquirethisname.com,France,1E6GxFTDx46fYYd5Hv3HnUoyXWxAfPDTzu,bankcard
532,ldebrokeer@goo.gl,France,1PmYNUHLYB5qaHSF4HaDdiwy7vM2tCJdnB,jcb
534,cgullyeset@com.com,France,1AeQB8VMMr4fJ1gapA8RCdTBU6B9iTwYiM,diners-club-carte-blanche
535,wstarfordeu@wisc.edu,France,1DZBQiyWQ5KbxMRJKfYwBvC9qWYfEhMVeB,jcb
536,ewickendonev@about.me,France,1NXM2NHJAaB18RDFXKXducNZbJ1HWEBLgb,maestro
537,pdonatew@1und1.de,France,1CEnv5Q9UbduMmAhshGsanhDUJMpG88ToU,diners-club-carte-blanche
538,cboldtex@go.com,France,14pMDzX5XQiq687QWKGhqTHx8D3andsAZF,americanexpress
540,bkensitez@skyrock.com,France,14KWZZR8UZXJJZRMwW9rbjq1hGFPkjF9YT,jcb
541,awalasikf0@imgur.com,France,1Nb7KgHfUYKWsQ9WdxAxqPAQD8NndU6gsA,jcb
542,tfynnf1@rediff.com,France,1BPu8UecjFbUKq4SbxP75YiLQwizz5vjNq,diners-club-enroute
543,dattackf2@google.ru,France,13GUQBp98k2WwGAvQpEeRSasxhrhMwXkYz,diners-club-carte-blanche
544,izealanderf3@dyndns.org,France,1HQoYGBRXkUfCVLHQzY7XviT5cnDFPAVqh,visa
546,sagassf5@narod.ru,France,1KBp4VF7CNHdU2zLKXJz5V1nCWxGPU1uZR,bankcard
547,hdedenhamf6@usda.gov,France,1M3ZwwAnsffECKpqyvC6kb3HasDQwyC7j2,jcb
553,yboribalfc@hp.com,France,13YrgboMCwg9opTLArJfL7artAuZerfjMy,jcb
554,etuxwellfd@facebook.com,France,1SVVz4cGJsCpUjKBkQHHnigj9PgPZjmoV,jcb
557,cdiprosefg@trellian.com,France,1He4WQHzdDuM3GoKfLsFtTwf4yfceLMcyA,solo
560,gwolfordfj@dion.ne.jp,France,1KQVm8B3dgzyXGnXcRL6h5VuMgqmpUdeo1,visa-electron
561,lgilardengofk@ehow.com,France,1AVYaoNUk5mSChDsonrLMXCpw2EvBoCLzh,jcb
566,jdilowayfp@amazonaws.com,France,127hjKGjX4drGZBBSp3L1dZB6cXGoyhKkh,jcb
567,bchuneyfq@psu.edu,France,1PUHrqQaS6R6wMBVLcBEioGbRJeYNogRya,jcb
569,cjanochfs@twitpic.com,France,17ZTbrJvkDWMZRPfAbe34Nu7tJyNQa3FKE,laser
570,iisabellft@sogou.com,France,1JUV5teCha6SZN3ysE1bXZQC18fnYcPJnz,jcb
573,tcornuaufw@virginia.edu,France,1JW17cJAUu5MrumrRUDHuqVRSbXVU8vQXR,diners-club-international
576,fkrabbefz@unicef.org,France,16G4wUrF6T4Z4i1Bc6fP6JbraWSZT9LMMg,visa-electron
578,dshervilg1@springer.com,France,1MVnLrRCt8sZs1J65STrtn7DKVHQ7WJ4Bk,maestro
579,acapstackg2@istockphoto.com,France,12CKH1jKYSrbgPuktFJ2XBm3fzx2oJTtXT,jcb
580,swoosnamg3@list-manage.com,France,1F79zBQCfepK3JH9bwuDgnyfX18AqBnwp1,jcb
581,ffilyaevg4@g.co,France,1BL2fcSmRj28iHdgSfAmZqjLTYvuMjaegE,jcb
584,gbasfordg7@hhs.gov,France,185R9XrwYBe7JHxFq8Ae65VxjjonmQJdB1,jcb
588,kmadderngb@jimdo.com,France,1Aqa2ekXQWPhpfEUALvC1Ec6EghzzjL3Jr,jcb
589,ppittendreighgc@springer.com,France,17WVSB1kYCP75JVkASLnKyiV67b6j7r3WP,maestro
591,bthebesge@t.co,France,1DWZkmP56ndLZ1rPvCQ9ssfqU3qfbKgjxf,mastercard
593,acallingtongg@wp.com,France,1AAf2pfmyNkyFYpEweLqGP9Xhxf4QJxPic,mastercard
594,zgreenshielsgh@comcast.net,France,1zVFDHXnxNCnuPJcyN4DFVDpP2EP3tAdJ,jcb
595,aloutheanegi@bluehost.com,France,1C63kWtagnAwHssTWgncbSAekUjYkxp2RL,americanexpress
596,adallagj@lycos.com,France,1HBc4nC9LKtuwSa7cbdGshsp2tRGQSYPt8,jcb
597,samysgk@cbsnews.com,France,1MEBvD85N3Zz6kbXGx5XqmJbyNZm83BAa9,visa-electron
598,mpurselowgl@myspace.com,France,1DiFK44nM5FRvgEVeCqookYrLJzznq3pqc,jcb
599,zodoogangm@last.fm,France,1LwvQjjeBdV8yXKvLorBCrWDzwVA79wmk5,jcb
604,rkeenorgr@lycos.com,France,1LCdXbbUrUSCjeCjhpJbh1EBgyBLT5dVu1,jcb
606,mwoodhallgt@4shared.com,France,1DvNaw5G4bmSs5a19qQu9wr9QEy69cUqee,jcb
607,dpawellekgu@topsy.com,France,14VTScGgN1KPV8FykkSStgCKG8sf8g2uJY,mastercard
609,ehinrichsgw@house.gov,France,1MgRzxdPbDLbyH36Lnzaz3Aju6nmnCDjfL,diners-club-carte-blanche
610,lwillshawgx@shareasale.com,France,1Em7Mz4SfbrJrUBLY8Riu5fstAdf4o5eRE,switch
611,apasslergy@feedburner.com,France,1BCcHEpXx9CnFZVSHSbi5ZKVF8tYsBTemB,jcb
612,moconcannongz@edublogs.org,France,1Hhg874tqLXxtPCdz8yGeaZ7U6ZyytScEV,jcb
613,crounsefullh0@google.com.hk,France,13Kr9zoBLcQRj8bacNTH2b5SsVyDKL5iua,laser
614,lbousfieldh1@google.ca,France,19wntEaA1QcLZd6F7u2Z9ZUd4bbFcj6mup,maestro
618,jbruhkeh5@jimdo.com,France,1MQvWY8W9gxFBYDzK8uaTYMcv33DfczcQv,diners-club-us-ca
620,mosherinh7@amazon.de,France,17qyaMJGWtm3uFESFipTb86D9mJUpwfXbK,maestro
623,asmorthitha@acquirethisname.com,France,1QD2wXZXTRQ8TYy1unLWvWWeWHU3E9A8zr,diners-club-us-ca
626,mfairehd@sourceforge.net,France,1B2QvZFEDyhSnibgEg9L54ZfMg2iLsXrBz,jcb
629,fpiertonhg@vk.com,France,1DNCcySGyuGKc1pMyjpEdjr7NALeGwozVA,maestro
631,aregeloushi@youtu.be,France,1NqikYVXqDuAeaZ8EvnW9wodJKWMrt7Ln6,maestro
632,rlindhehj@wix.com,France,15hV3K24c28VkLdczcy4fjJJahFr8iT4Qr,maestro
634,rbaguleyhl@prweb.com,France,147CEhYmgQ8pjxwdGiGjNveB4SECFACash,jcb
635,gwadforthhm@simplemachines.org,France,1EtoEBAztx1EJJEKiUjwenrnNV3xrS2szc,mastercard
636,sslaterhn@prnewswire.com,France,17BR4qkxYyCU76zkRvHgPoW6QL1iyHuWst,jcb
637,cpawnsfordho@alexa.com,France,19ZmNJgycRSvRZMDUtPXaEwookCfiXkLWs,jcb
638,fmuzzollohp@mlb.com,France,1CDaQQc4dMxCNTiuebebSb6k6vfznWENHS,visa-electron
639,omackaighq@edublogs.org,France,1PGCTtaVxNd6HkEjAKdue1m7bAUUN63Lmn,switch
640,pwoodlandshr@cargocollective.com,France,194XWZjCmKJA1btKBz3PNZfcfNcL1yE1Av,jcb
642,fshallcroffht@slideshare.net,France,18hqi3b7tFXvUvXkjTuc8boW9bJ2yhkiFf,mastercard
645,lgilhoolhw@blogs.com,France,1Hg7zZyPFAT4QArwsHMTRwyH74xiENtjBF,solo
648,klydiardhz@google.nl,France,1DF9C9umP2XMRhM5zZEMJpp8VoT2DPCBBH,jcb
649,rroppi0@usnews.com,France,1JQm2ZRq3q6JmFxGS3QTy9T9HG9j7n4MEt,mastercard
652,hitzakovitzi3@ezinearticles.com,France,1MTYGEe9J12d2G3mDFd7Gf3Ydpx4mqg6mk,americanexpress
657,dfisheri8@yahoo.com,France,1HuYebVF74z1oasbn1rtrW27BwtQz2H613,bankcard
658,hbelzi9@walmart.com,France,1C8sEQbZzpLH3tgNMPTLNFF3eWoS5qzAa7,mastercard
659,cillesleyia@sina.com.cn,France,19K5EBUvFuG2zN7b32SLx65kGfWV3mEjKv,china-unionpay
661,ckingsnodic@zdnet.com,France,1KhzkCnhqincx6zsgGKEXwpoxsQZr1gaFU,laser
662,kpackwoodid@bloomberg.com,France,1FnkvgaBnP2jvvNAsdvoAuLGLiLMbuozru,jcb
664,bhambribeif@dyndns.org,France,1Lfosfc7LMXSpCHVq2dQFmFXTQnkCBmwMy,jcb
669,jgronoik@china.com.cn,France,18vCY6g1BwKMfXeCA6fmCHDerqoH9PNnhM,visa
670,abyronil@photobucket.com,France,13LRyg1cE72zAmWbQ2oaGDfoAPhmEYdnZz,china-unionpay
672,yguiderain@pen.io,France,1AJ5mmqBrWVg5T5X5hzN8pbpBWxnPN1aeN,jcb
673,olagesio@newsvine.com,France,17RmpUKJVAcQjQeC1QV6mqpJXHNMFjw1DR,switch
675,gsitlintoniq@goodreads.com,France,14hLjYWs5ynw7LFWkmdiHPy4otjgmSLEjx,maestro
676,mgorryir@google.es,France,1CKbFYxPCGnRw9HGSUqKpwivHwGAg1sQoK,jcb
679,eprawleiu@sakura.ne.jp,France,114qRo3wxvigJMdhJSzah8T4JUpscNTrWP,bankcard
680,mgilhamiv@icio.us,France,1AAHYNQK2vH2gU3ro3FpHmJ51mhvBW1cio,mastercard
682,bgavozziix@ucoz.com,France,1B3oGscs7stAEgXPgCZTtPTpzsWgFT8qiM,jcb
683,vattewiy@nydailynews.com,France,15UoxwRoVv5N1SgHgy9AuhdLmm778ZNn7s,jcb
684,jtullisiz@unblog.fr,France,12xzKuZK9JFA8pLR9Fsj3AF4ywCGrPJCuA,mastercard
686,pschuelckej1@lulu.com,France,1HjvQwSbjYaZSqrzrJXCQww2jS1iwFDTBN,mastercard
693,ccrosierj8@dropbox.com,France,189pJJEiC2kTQMVvMXhy4uxYYZr9FiT8z5,jcb
698,dstuckejd@dailymail.co.uk,France,1CagsiNscUzmJ7AVFmpHYHxZE18WSxx7wC,diners-club-enroute
699,owinsomeje@java.com,France,123QQwBh4F8rL7tgizhsEgwr7iGAKshjN7,china-unionpay
702,sgeneverjh@shop-pro.jp,France,1PJiSHx3TpbX2hyevc8169y79Q6ADfeGe9,americanexpress
703,lnovotnaji@wix.com,France,1HrWWm3n9ydyUhpTJfDjKhP7tQ8bmXkN2S,jcb
704,fmillershipjj@blog.com,France,18KZdipSxbhCwuye5MQfKbAqD6x56UiQFr,jcb
707,gheinlejm@tinyurl.com,France,1K3BFZGxTCg83YD5PYKNGaiDepRjnkHjZY,china-unionpay
709,cgheeraertjo@storify.com,France,1NVaYd8oLJfFsBLdf4CHFJiS98MBS6of99,jcb
710,otunnockjp@posterous.com,France,15K3xemqVikRGPGhvAE1XqcUrqFM9nsvSP,mastercard
712,calasdairjr@indiatimes.com,France,17shfp5Bn9rw7mrXbsaG1yRFwwf1aBQ7sS,solo
713,tcrossfieldjs@unc.edu,France,18bJJiKXPLVYDRKmPurSajSZuQXePHJuPh,mastercard
716,tfritchlyjv@timesonline.co.uk,France,1KXhuuAp7LREYofqvwJT7gPivEpeRPbpH3,jcb
720,tmacknessjz@howstuffworks.com,France,1BVvjivSQEZWB2Uo3hQb64j2v7oKGCAUwP,maestro
721,cfaullk0@com.com,France,1KnnTGTxHNLXFSrXGuPFUTP7iQ8rGL5R1y,jcb
723,gceschik2@de.vu,France,1EP1QhAJdZEKDfRWqzhWmGKiTpKKF38W6J,jcb
725,tshyresk4@liveinternet.ru,France,1Cwu7m8UYvJG5dSpfV12wzgh4ghdqTHf5y,jcb
727,gplaylek6@cdbaby.com,France,14Qur3sYV5L88thsfoKfjTFwaiKpkiXFCy,jcb
728,ophilliphsk7@miitbeian.gov.cn,France,1EH7KUiZupkRu7mjKsi8cFBVFME6n8ovQ7,china-unionpay
729,rledwitchk8@github.com,France,135KDRJzSWM6AXJ6bL1giiyAFoyEYNaWJH,switch
730,nskinnk9@livejournal.com,France,12hp3ikv7e1WtJmWGQTcP7SwyPXwmywPd8,jcb
734,mhiscokekd@t-online.de,France,156XRoNYH7JLa6DFYmYEAKLRrSK3Q1yZEr,jcb
736,bvereckerkf@adobe.com,France,13WoGzmQ5VkNNuhV1oSob37DZvNRLRinRQ,americanexpress
737,payreskg@fda.gov,France,1BoCFFtkKPUtSCNr3cQBHYY36o3kjXrcov,maestro
738,ngenickekh@studiopress.com,France,1S4xW1jtxHWxQxTT4w2mtVtzJphNTpVzS,maestro
741,abrydiekk@about.me,France,1ByD7r8MCxhuxtKWhKn6cyyJ5UhXy32gh4,jcb
745,nhuncoteko@princeton.edu,France,18kBBeFz6buHiM6paq5aQC8M11bNx6hggf,jcb
746,aomolankp@opera.com,France,1GzzvVk178ZJqSFS3KSpFQr3fu8zWGfv2s,china-unionpay
747,aspawellkq@google.com,France,1LLfJ4qnfPH9k8scqo13NZucjFt9pksHiH,maestro
750,djochenkt@naver.com,France,1Ca4N8qCiQ8Hfdd5XX4omyx125dNQobqmB,maestro
753,vjayeskw@gmpg.org,France,1MB4yKG6SA71GdjA9q7fKjCsBYyYEbtpEM,mastercard
754,troggerkx@va.gov,France,177tNp8KebF16BgqMkkic5GsQ6YK5QA5V9,jcb
761,sriddelll4@scribd.com,France,1M8MetsFgY6bSsBxnREDaZFNnhq8MV3oxL,jcb
762,vdodgshunl5@hubpages.com,France,1BG8gJ4bUv91p1YNeFA3YUJANPbLDtkonP,jcb
764,ipasticznykl7@discuz.net,France,19yms2ohctUMuSo5asd9MtgqBMvi7eqnTg,diners-club-enroute
767,ldemalcharla@hugedomains.com,France,1MqobnBpzLaQB4qyELjzsiyPQSnym7EVBk,diners-club-carte-blanche
768,dstanylandlb@dot.gov,France,17vtJn11xdi4dM9d1vB6GwNGUBJfvi8c8K,jcb
770,kterrisld@adobe.com,France,13FQd1VoHYJ98CL2yy8dmDnyTvTkzK9Ayt,jcb
775,mcoulstonli@fema.gov,France,15NE8EoZHQcxDSSVG7mUpTw375WPiUZj3o,jcb
778,vmulcasterll@nba.com,France,1932xgYjuSLvya7TkcAqWQFRgLAex241jf,maestro
779,crapellilm@1688.com,France,1CkiBAeU5TB7UuvZ4W1PktrbQqwA5ee3tg,china-unionpay
782,kbosmalp@google.ca,France,1FLv2PmWVy4T2ghWG84xGcVienVTxidxgu,diners-club-carte-blanche
783,skesbylq@pbs.org,France,17J8m3NKKkcKpwEc8YnCWVPiHKKxQtfCvy,diners-club-enroute
786,kausellolt@deliciousdays.com,France,19jJmyjW3ZQ9WMWpxTJWykyYjEP6iZrN1P,maestro
789,kgatleylw@last.fm,France,18DAuyMigB9tTNp6ancGnfRYTdCqXkVnfB,maestro
790,ayanyushkinlx@g.co,France,12VcKXCq4DoqEKkMCUB4kA7GWU3And2iZY,mastercard
792,gellinlz@bbb.org,France,1BbZDLmxnxeSXfHa25awrkrQxHaHX81iZK,diners-club-carte-blanche
794,ggateleym1@who.int,France,16ri277Sm6e7LxrBjry8dRjEVdKA3TZXQV,jcb
799,rwhittleseam6@alibaba.com,France,1LZmBmBHxNQbqmtxHzjzooAPpisZFC1VyN,bankcard
800,pmaccaheym7@va.gov,France,13MZmZDCKKsY6pLohffWNTpBXiTw3L1Ffw,jcb
801,fbodycombm8@1und1.de,France,1L3AkTwhWKYVfCqS3Zxs2ADmPj7hnXwQsN,visa
802,mrosellim9@ucoz.ru,France,1Fwfgyv8AnqvVqkKu1gSeWzffTpRnW6ePu,jcb
808,cadicotmf@ebay.com,France,1CtxxnaDs2vW5hqPw3KMyaWnCWjqyjLRh,switch
813,smccriskenmk@phoca.cz,France,1CNfDr94CGfkzwUqZPK3PutoQs7YGPh1rb,jcb
814,pthinnml@cafepress.com,France,1G7CctwWQareR6xyhH5AgypPhAp31D5Cu1,maestro
815,jmochanmm@craigslist.org,France,16XwH3tV3aKAjjuaPQamzjErAy2YqML3Dw,bankcard
816,amickamn@java.com,France,1LmvhVzTYzPET3TwXb7CcsycVBMHatKJTZ,jcb
817,rgellingmo@berkeley.edu,France,1KhgCMJnfrvamAFBUSSeFMQqKmSKw5YuwK,jcb
818,anorcliffmp@walmart.com,France,1PjJw9yNRQjg1xhumHvHZ3juyZ4PfscKKR,diners-club-carte-blanche
819,gharsesmq@linkedin.com,France,1MwpctNQUzGoAW34weP7BFQyUkPUYnRFsv,jcb
820,dledurmr@europa.eu,France,126maWEgKEFae9XdBbDMiNL1m2i82fDe2a,jcb
821,bflewanms@opensource.org,France,19Aozi74PwD6Pk3p5K4A1nLtTieWtJqHVQ,jcb
822,kabelovmt@dedecms.com,France,1FCGqyNUQDb8ciWH58iWDr1u7TwwL6phEN,switch
829,hpagetn0@flickr.com,France,1AbH1sHaix3ttYWXfayKkscWQw7LBiB9NN,maestro
831,cbiddlecomben2@jigsy.com,France,17R75ihcymZdVEZoMdgaoqk7JMa5oH7s4p,jcb
834,bquestn5@hatena.ne.jp,France,17f3kcTTqnkesNfJwgEW3SBofsJ9Mwpram,bankcard
835,djordinen6@sun.com,France,144YX8bAoH3rmQ76Ko7zsPEe81RouvhJrF,solo
836,ikunertn7@xrea.com,France,1C5GzhWKFxVuWt7LkuPc1RnkA5efqm6KAv,jcb
839,bshellardna@nifty.com,France,1HZAvQ3rd7HBpDJWnpdx3mZqqu2sRK1Uiq,jcb
840,eblackmuirnb@domainmarket.com,France,1JuejZkBQXacmQcbcNfGDgXLdgiwRAbNwj,solo
841,ajellymannc@phpbb.com,France,1EqfP1asrix9CkDc8joxV9awZJkngkAjTi,jcb
842,kboyennd@ehow.com,France,18TQeLP5uP2hbU1hXeAtU8ZGuo54SeYhq7,maestro
844,psprasonnf@icio.us,France,1AdEXPDq3d6bRumaH8xGj7ANLuEf1EEf2g,maestro
846,efortounnh@sourceforge.net,France,1MK7D3WsDudQ8nertgaDcESyWgGK8QdmbA,jcb
847,aroughsedgeni@cnet.com,France,1NLS4U1T7NfoYYdxBiQ68QAneNavUxpF8f,jcb
849,cgilbodynk@comcast.net,France,1GTuNL5Skt7jYNUeyTDG1ku6MX4xN3gFVe,jcb
851,tnewbattnm@gmpg.org,France,18DSveKjo7ZDe1mrEmqsHRLKVGqnXSTnat,jcb
852,kadamovichnn@china.com.cn,France,1Q8BNFsZWVaBEexNeLeX9nyLzJ8sQw44yt,maestro
860,fmcneishnv@paypal.com,France,1Gb6X5mS5F67CCTXeaJUXxPs93yZAvU4c7,jcb
861,cbaynesnw@cnet.com,France,134jDhug2Asd51KHvmVe59DfBPQdxaX1Fc,solo
865,wsandilando0@wiley.com,France,1A6YFXYvz7MEhxMB1BaPSubXk1wXqjJTX7,jcb
867,cvolkso2@constantcontact.com,France,1PQmjKtjFEbCyvZu6BNQaZfkHd2msysMVq,switch
870,nkernleyo5@biglobe.ne.jp,France,14bFq6StGmNE3iJ7JPkHCxp3Uhxs83J6vD,diners-club-international
872,hsooto7@odnoklassniki.ru,France,1AgUcZ9RAkVmSKCV8wFFfj2afyii8tSKgW,jcb
876,sgooldingob@yellowpages.com,France,1MWLqS1JDVf2FjA9YWGxQAE9xZaFLLQug4,jcb
877,fploughwrightoc@ycombinator.com,France,1JkCfCofsaQDVddBjT1ZRqSRjvjm56NAxo,jcb
878,eheersmaod@uiuc.edu,France,1DNQEQsp2fqVksBiXxNWSrtsDeaVsyhurW,switch
879,lscowcraftoe@latimes.com,France,18dU6a1ThA9pD8BWm1aNKkVdU8ioa2RUeR,china-unionpay
880,fhemeretof@youtube.com,France,1PVhfXNPj46nALRxfmTdMJc6HXkvSvNjJC,jcb
882,ugabbotoh@myspace.com,France,1M6HXkkn2ZHLifuTssaoMniQ7PrMPysB5q,switch
884,mhebburnoj@ft.com,France,1URy1ge28ip5iFKcUbABK5iseq6wJjx33,visa
887,ggarrattom@discuz.net,France,12nGiGN18sZ5n7mfrFtms1jyeocr8j4R98,jcb
888,cvowelson@multiply.com,France,166w3Z5r3qn6kgDUQzNvnDPUN2NeugEshL,jcb
891,aiveloq@dailymail.co.uk,France,164LT1Y21cPaVPPr5Z5r1NSbQxAVtTWuYS,mastercard
892,zbackenor@deviantart.com,France,12xR5KCM9b5okiunRbA72pyU8eYGwA3Gbh,jcb
896,cmiddlehurstov@house.gov,France,1BmatTtLLzYYMbvrSEbVqPv8JEBRgoCq6k,jcb
897,aivushkinow@mayoclinic.com,France,1NEZPJHqh2CMWriJQ9wgkia2sW5SbVLjNh,switch
900,nbizzeyoz@telegraph.co.uk,France,1B3d7oLh3JaHnB8UbtYUwM4Le6BdYFSEPJ,jcb
901,mcostarp0@prweb.com,France,1K6TFdq7TnDfXbS7Mc6EtiC7s5q1j3uJjp,mastercard
902,asaddlerp1@deliciousdays.com,France,1CWrUdHALvUQWScyDxVKiLribouWBSy1Vf,bankcard
903,ccullinanp2@seesaa.net,France,1BqpGMjzBo2nGLypZZ2ndxtAVGZgWaH59M,jcb
906,acannyp5@nps.gov,France,1Ns7UM2E24rawS7cEwbFKxijQt8sh1nHkE,diners-club-international
907,mfoordp6@nhs.uk,France,1CKZnZnB7TWLmgkoePP9KxRvTcs8pQ9dgk,jcb
908,rloeberp7@aboutads.info,France,12CqTc33NUhxV3Fsbszp8Jjfw7UGwAYPqj,bankcard
911,vallinghampa@soup.io,France,1DWiKW3UUH27N2wEKobcQRqCzxLByb8jN2,jcb
916,oavramovpf@addthis.com,France,12u5FCRjiuZsbsEz1QjoTwejU2BGa3A49M,mastercard
917,kkystonpg@apache.org,France,1Sgdu2WxfuuJnvjby2vvof1rNKUuVR3Ai,bankcard
918,ntrobeph@reverbnation.com,France,1LJVFbGuDxf6gJPuQCRUop59p8eoaYsRYq,jcb
919,mheadanpi@bloglovin.com,France,1MhVF8riyiUKsoWVaVVg7DQwEcwhe4Kmnq,jcb
920,jfeechumpj@howstuffworks.com,France,1Eic9gaXDRNd5v7D98k59eruzQ87gh7Fdd,jcb
921,tpackepk@europa.eu,France,15iv7g86YxtvK5Zjsk6hgugS53xRxj7eeo,maestro
923,bpatrichepm@sogou.com,France,1ExUdqfr93EpdJBWiyp3GESWhXAET7BqYZ,jcb
925,vfurmagierpo@economist.com,France,1JNBGF4aJAgZcCDqXtF3Z54iRpys4w6e6a,americanexpress
930,rgarbertpt@skype.com,France,1MeA5ajseDmKZhHHBmfGyQ8nVnmeXdXWyr,visa
931,khardingtonpu@hugedomains.com,France,1Govn1fcptgzQqYt9b6pVdy5QoGGbAkBj4,jcb
932,devisonpv@intel.com,France,1P4V1VNkhUqMSoACRcrLNZdQcmam9uMc4d,maestro
935,rbettisonpy@altervista.org,France,1CCAMXhKwizBVTHqFRFxNMWKtGKU7t9puj,americanexpress
938,hclappsonq1@sina.com.cn,France,162t1jWV6SPf8Qx4RmVrRkkvgEfUNx1RoD,jcb
940,hhourihanq3@zimbio.com,France,17KTcFQBYpC4uJeNMrgRKwDnuAPv5WqGdA,americanexpress
943,gshuteq6@diigo.com,France,18CF88Pq499mvdcRp91C34EUPEXwqyKH3A,bankcard
945,tvanlintq8@kickstarter.com,France,1P4cvLASP6ewR6hZLU8312QCSJvnfKY99V,mastercard
946,clipproseq9@arstechnica.com,France,1CBDC8QNnCSNTaaUH9ozYbSp8YErEWmm3f,jcb
950,gclarridgeqd@paypal.com,France,1CcCWd5wjsWpKEP7PVSGZyszbUq3sa2TPa,jcb
955,pgilhespyqi@mysql.com,France,1L2wXK4q27CWMfUzyh5q4yWiMyd5vK2sob,jcb
956,bdowallqj@wordpress.org,France,1KcFNoMbMwt4VNZqQUQALbG5ojzb5a2DK3,jcb
957,vbettlesqk@woothemes.com,France,19s617VbMzLNfmgL4R6jJn6Fm6WVUCrEUr,jcb
960,alittlerqn@yelp.com,France,1GwNW7YLHySAhfS8xiTqrUkjTGj4XxFzST,bankcard
967,lbrawnqu@over-blog.com,France,1MT9qULXRtk49Cqq1gKu7HBfC97DsD5eU7,jcb
968,atinklinqv@webmd.com,France,1JBzJTcYvdpBffUGA6QwWjovbyeowQY8s4,mastercard
969,egoudardqw@bizjournals.com,France,1EKzMKLtnQBBmDiLkYHTcFo2gBsyWLsDNF,bankcard
974,tkaplanr1@hc360.com,France,1DtyuATUrHbDXqhqyyEnVTRXpK34HL2tY2,diners-club-us-ca
976,bhandesr3@census.gov,France,1Q9AxHk98FXSJ4b4K3ae9VrEocFFRhGpH4,diners-club-carte-blanche
977,lfullardr4@uiuc.edu,France,1N4HYBF8q2nGN9NCbf9wxXSxvM1PZ73VYN,diners-club-enroute
978,acaminr5@indiatimes.com,France,16eAbkMXGXwiDExozS9VrzHUGzjRNa9zJj,jcb
980,aharryr7@dagondesign.com,France,1KSapdigsjFYG3QHH8Cp8vaZsptRZ6sC7Q,jcb
982,idulyr9@columbia.edu,France,13sof9Vv3LefcMAKeSP1Wvb7kM4NvX5PEG,solo
983,ydelucara@usda.gov,France,1F7GaeHmZSksiVP4Sfp7CLRMK6mmRK3Gz8,jcb
985,mraithrc@google.cn,France,19D6XnP16Hbjd4txr7biTivdH99m3Erxpe,switch
986,klhommeaurd@webs.com,France,12uTCx7fAqFb4A1LSG1XEB4Qcb3DENnR98,mastercard
987,ggrogerre@dmoz.org,France,1PS8xdKZicRAjS7GKB2kaJNQFizwehR1GY,diners-club-carte-blanche
989,tdillowayrg@stumbleupon.com,France,18i8qC6iD8ayvuJQWkiArwuMQdkpePbEhV,solo
992,vsimonnotrj@imgur.com,France,12xroRe2GSXcwnfv4H8NNrVPyxL6KqNrK3,jcb
993,froomesrk@altervista.org,France,1M7ZbkpnUW8Eu9dKR4aCwaLQGUYshkfSdw,jcb
994,eughirl@soundcloud.com,France,1KheLtxw824D4cj2pq2epoc1YY6H1tMBc8,switch
997,mbondarro@reddit.com,France,1J1R1KuqtDDc3kzZmMZHUwmWSkD75F2kLB,laser
998,wchablerp@netlog.com,France,1N4uck7byHmYVF8i1ApaeZ5Zi5yu18a9C5,diners-club-carte-blanche
999,bwillrq@bloomberg.com,France,1NYgrHdoJ4sQzmyaaecNfDSfQHLioZR66u,jcb
1000,dashdownrr@ow.ly,France,1FETMkoaK8fXx36JDNHRyeGJNPkzPxQ2sL,maestro
